name,alphabet_size
Berkeley,4
Burns,6
Dijkstra-Scholten,4
Dijkstra-ring,12
DijkstraMutEx,24
FutureBus,9
Herman,2
Illinois,4
Israeli-Jafon,2
MESI,4
MOESI,5
Szymanski,50
atomic-dining-philosophers,4
bakery,3
dining-cryptographers,12
dragon,5
firefly,4
icalp-Herman-line,2
icalp-Herman-ring,2
icalp-Israeli-Jafon,2
icalp-bakery,3
icalp-dining-cryptographers,12
left-dining-philosophers-remembering-sides,9
left-dining-philosophers,6
lehmann-rabin,6
mux-array,6
res-allocator,6
synapse,3
token-passing-no-invariant,2
token-passing,2
